{"_runtime":257,"epoch/val_loss":0.14851492643356323,"epoch/accuracy":1,"epoch/val_accuracy":0.9785000085830688,"epoch/loss":0.00023663530009798706,"epoch/learning_rate":0.009999999776482582,"_timestamp":1.7577670846801133e+09,"_step":53,"_wandb":{"runtime":257},"epoch/epoch":53}