{"epoch/val_accuracy":0.9915000200271606,"_step":29,"_wandb":{"runtime":390},"epoch/accuracy":0.9990741014480591,"epoch/epoch":29,"epoch/val_loss":0.07113080471754074,"epoch/learning_rate":0.0010000000474974513,"_timestamp":1.7578338342501013e+09,"_runtime":390,"epoch/loss":0.0022486166562885046}