{"epoch/val_loss":0.10184239596128464,"epoch/loss":0.013755392283201218,"_wandb":{"runtime":153},"epoch/epoch":40,"epoch/learning_rate":0.009999999776482582,"epoch/accuracy":0.9983888864517212,"_step":40,"epoch/val_accuracy":0.9736666679382324,"_timestamp":1.7577662466798804e+09,"_runtime":153}