{"epoch/learning_rate":0.0010000000474974513,"epoch/loss":0.0765477791428566,"epoch/accuracy":0.9782037138938904,"_wandb":{"runtime":407},"epoch/val_accuracy":0.9745000004768372,"_timestamp":1.757826011303079e+09,"epoch/val_loss":0.09071561694145203,"_runtime":407,"epoch/epoch":85,"_step":85}