{"epoch/val_loss":0.04235982894897461,"epoch/accuracy":0.9971110820770264,"_timestamp":1.7578359622791197e+09,"_wandb":{"runtime":527},"_step":36,"epoch/val_accuracy":0.9928333163261414,"epoch/epoch":36,"epoch/learning_rate":0.0010000000474974513,"_runtime":527,"epoch/loss":0.008270747028291225}