{"_step":10,"_timestamp":1.7577688073715842e+09,"_wandb":{"runtime":51445},"epoch/loss":2.302189350128174,"epoch/epoch":10,"epoch/accuracy":0.11168518662452698,"epoch/learning_rate":0.009999999776482582,"_runtime":51445,"epoch/val_accuracy":0.10499999672174454,"epoch/val_loss":2.30288028717041}